, PRODUCT A , PRODUCT B , PRODUCT C , PRODUCT D ,,,,
DATE, Daily Sales , Daily Sales , Daily Sales , Daily Sales ,,,,
3-Jan-11, 210 , 702 , 18 , 516 ,,,,
4-Jan-11," 10,294 ", 402 , -   , 324 ,,,,
5-Jan-11," 3,395 ", 438 , -   ," 3,618 ",,,,
6-Jan-11, 432 , 19 , -   , 414 ,,,,
7-Jan-11, 106 , -   , -   , 72 ,,,,
10-Jan-11, -   , 216 , -   , 546 ,,,,
11-Jan-11," 13,344 ", -   , -   , 186 ,,,,
12-Jan-11," 5,066 ", 444 , 18 ," 3,954 ",,,,
13-Jan-11," 1,283 ", 402 , -   , 396 ,,,,
14-Jan-11, 343 , -   , -   , 78 ,,,,
17-Jan-11," 2,989 ", 354 , -   , 468 ,,,,
18-Jan-11," 9,631 ", 546 , -   ," 1,218 ",,,,
19-Jan-11," 3,758 ", 396 , 19 ," 2,844 ",,,,
20-Jan-11," 1,552 ", -   , -   , 618 ,,,,
21-Jan-11, 124 , -   , -   , 54 ,,,,
24-Jan-11," 2,591 ", 396 , -   , 246 ,,,,
25-Jan-11," 5,514 ", 132 , -   ," 1,842 ",,,,
26-Jan-11," 4,572 ", 372 , 17 ," 2,712 ",,,,
27-Jan-11, 280 , 36 , -   , 408 ,,,,
28-Jan-11, -   , -   , -   , 48 ,,,,
31-Jan-11," 2,926 ", 360 , -   , 396 ,,,,
1-Feb-11," 5,309 ", 348 , -   , 168 ,,,,
2-Feb-11," 5,038 ", 444 , -   ," 4,200 ",,,,
3-Feb-11," 1,446 ", 14 , 18 , 444 ,,,,
4-Feb-11, 200 , -   , -   , 108 ,,,,
7-Feb-11," 2,219 ", 504 , -   , 342 ,,,,
8-Feb-11," 7,254 ", 546 , -   ," 1,290 ",,,,
9-Feb-11," 6,398 ", 390 , 13 ," 3,780 ",,,,
10-Feb-11," 1,363 ", 18 , -   , 540 ,,,,
11-Feb-11, 225 , -   , -   , 90 ,,,,
14-Feb-11," 2,474 ", 342 , -   , 294 ,,,,
15-Feb-11," 10,196 ", 392 , -   ," 1,620 ",,,,
16-Feb-11," 4,123 ", -   , 18 ," 2,826 ",,,,
17-Feb-11," 1,998 ", -   , -   , 702 ,,,,
18-Feb-11," 3,434 ", -   , -   , 48 ,,,,
22-Feb-11," 6,684 ", 18 , -   , -   ,,,,
23-Feb-11," 5,806 ", 414 , 17 , -   ,,,,
24-Feb-11, 69 , -   , -   , -   ,,,,
25-Feb-11, 302 , -   , -   , -   ,,,,
28-Feb-11," 1,326 ", 429 , -   , 900 ,,,,
1-Mar-11," 8,444 ", -   , -   , -   ,,,,
2-Mar-11," 3,273 "," 2,229 ", 16 , -   ,,,,
3-Mar-11," 1,342 ", 19 , -   , 422 ,,,,
4-Mar-11, 400 , -   , -   ," 9,036 ",,,,
7-Mar-11," 2,011 ", 417 , -   , 24 ,,,,
8-Mar-11," 6,826 ", 516 , -   , -   ,,,,
9-Mar-11," 5,860 ", 702 , 16 , -   ,,,,
10-Mar-11," 1,368 ", 43 , -   , 5 ,,,,
11-Mar-11, 253 , -   , -   , -   ,,,,
14-Mar-11," 3,008 ", 474 , -   , -   ,,,,
15-Mar-11," 1,960 ", 642 , -   ," 1,104 ",,,,
16-Mar-11," 11,312 ", 594 , 16 , -   ,,,,
17-Mar-11, 814 , -   , -   , -   ,,,,
18-Mar-11," 1,072 ", -   , -   , -   ,,,,
21-Mar-11," 1,982 ", 324 , -   , 3 ,,,,
22-Mar-11," 10,992 ", 482 , -   , -   ,,,,
23-Mar-11," 3,865 ", 492 , 16 , -   ,,,,
24-Mar-11," 1,402 ", 30 , -   , 2 ,,,,
25-Mar-11, 150 , -   , -   ," 2,615 ",,,,
28-Mar-11," 2,143 ", 356 , -   ," 4,812 ",,,,
29-Mar-11," 11,240 ", 464 , -   , -   ,,,,
30-Mar-11," 4,000 ", 498 , 16 , 168 ,,,,
31-Mar-11," 1,475 ", 24 , -   , 18 ,,,,
1-Apr-11, 253 , -   , -   , -   ,,,,
4-Apr-11," 3,090 ", 594 , -   , -   ,,,,
5-Apr-11," 6,772 ", 517 , -   , 2 ,,,,
6-Apr-11," 5,869 ", 444 , 21 , 5 ,,,,
7-Apr-11," 1,412 ", 36 , -   , 2 ,,,,
8-Apr-11, 162 , -   , -   , -   ,,,,
11-Apr-11," 2,088 ", 396 , -   ," 4,932 ",,,,
12-Apr-11," 5,864 ", 30 , -   ," 11,534 ",,,,
13-Apr-11," 6,467 ", -   , 21 ," 2,357 ",,,,
14-Apr-11," 1,307 ", 24 , -   , 310 ,,,,
15-Apr-11, 240 , -   , -   , 186 ,,,,
18-Apr-11," 2,148 ", -   , -   , 517 ,,,,
19-Apr-11," 5,424 ", 420 , -   , 648 ,,,,
20-Apr-11," 5,664 "," 1,328 ", 19 ," 5,226 ",,,,
21-Apr-11," 1,096 ", 42 , -   , 306 ,,,,
22-Apr-11, 276 , -   , -   , 54 ,,,,
25-Apr-11," 1,824 ", 234 , -   , 294 ,,,,
26-Apr-11," 4,150 ", 378 , -   ," 2,448 ",,,,
27-Apr-11," 5,379 ", 457 , 19 ," 9,966 ",,,,
28-Apr-11," 1,579 ", 18 , -   , 312 ,,,,
29-Apr-11, 275 , -   , -   , 42 ,,,,
2-May-11," 1,258 ", 354 , -   , 456 ,,,,
3-May-11," 8,602 ", 396 , -   , 168 ,,,,
4-May-11," 3,760 ", 528 , 21 , 102 ,,,,
5-May-11," 1,266 ", 6 , -   , 336 ,,,,
6-May-11, 370 , -   , -   , 114 ,,,,
9-May-11," 2,346 ", 312 , -   , 432 ,,,,
10-May-11," 5,819 ", 432 , -   , 54 ,,,,
11-May-11," 6,369 ", 396 , 21 , -   ,,,,
12-May-11," 1,066 ", 6 , -   , -   ,,,,
13-May-11, 250 , -   , -   , -   ,,,,
16-May-11," 2,188 ", 240 , -   , -   ,,,,
17-May-11," 7,649 ", 414 , -   , 6 ,,,,
18-May-11," 4,255 ", 684 , 24 ," 6,858 ",,,,
19-May-11," 1,276 ", -   , -   , 384 ,,,,
20-May-11, 186 , -   , -   ," 2,190 ",,,,
23-May-11," 2,272 ", 366 , -   ," 5,628 ",,,,
24-May-11," 9,426 ", 432 , -   ," 1,338 ",,,,
25-May-11," 3,963 ", 606 , 19 ," 2,748 ",,,,
26-May-11," 2,404 ", 30 , -   , 762 ,,,,
27-May-11," 1,365 ", -   , -   , 108 ,,,,
31-May-11," 4,000 ", 708 , -   , -   ,,,,
1-Jun-11," 5,886 ", 342 , 17 ," 3,858 ",,,,
2-Jun-11, 596 , 12 , -   , 288 ,,,,
3-Jun-11, 306 , -   , -   , 18 ,,,,
6-Jun-11, 622 , 468 , -   , 144 ,,,,
7-Jun-11," 8,484 ", 420 , -   , 222 ,,,,
8-Jun-11," 5,320 ", 432 , 21 ," 3,834 ",,,,
9-Jun-11," 1,480 ", 12 , -   , 288 ,,,,
10-Jun-11, 261 , -   , -   , 114 ,,,,
13-Jun-11," 2,018 ", 336 , -   , 270 ,,,,
14-Jun-11," 5,795 ", 180 , -   , 318 ,,,,
15-Jun-11," 6,358 ", 414 , 2 ," 2,628 ",,,,
16-Jun-11," 1,394 ", -   , 30 , 720 ,,,,
17-Jun-11, 355 , -   , -   , 30 ,,,,
20-Jun-11, 324 , 354 , -   , 216 ,,,,
21-Jun-11," 9,660 ", 498 , -   ," 1,476 ",,,,
22-Jun-11," 3,690 ", 630 , 6 ," 2,838 ",,,,
23-Jun-11," 1,140 ", 12 , -   , 342 ,,,,
24-Jun-11, 450 , -   , -   , 318 ,,,,
27-Jun-11, 716 , 336 , -   , 186 ,,,,
28-Jun-11," 8,094 ", 462 , -   ," 1,650 ",,,,
29-Jun-11," 5,305 ", 295 , -   , 936 ,,,,
30-Jun-11," 1,199 ", 24 , -   , 318 ,,,,
1-Jul-11, 120 , -   , 21 , 12 ,,,,
5-Jul-11," 12,099 ", 654 , 20 ," 1,956 ",,,,
6-Jul-11," 4,782 ", 750 , -   ," 4,776 ",,,,
7-Jul-11, 251 , 18 , -   , 60 ,,,,
8-Jul-11, 200 , -   , -   , 72 ,,,,
11-Jul-11," 3,617 ", 264 , -   , 114 ,,,,
12-Jul-11," 6,661 ", 426 , -   , 354 ,,,,
13-Jul-11," 5,620 ", 456 , 21 ," 3,996 ",,,,
14-Jul-11," 1,382 ", 12 , -   , 324 ,,,,
15-Jul-11, 250 , -   , -   , 60 ,,,,
18-Jul-11," 1,983 ", 510 , -   , 222 ,,,,
19-Jul-11," 3,748 ", 366 , -   , 372 ,,,,
20-Jul-11," 6,542 ", 453 , 20 ," 3,642 ",,,,
21-Jul-11," 1,262 ", 32 , -   , 636 ,,,,
22-Jul-11, 100 , -   , -   , 24 ,,,,
25-Jul-11," 2,053 ", 312 , -   , 444 ,,,,
26-Jul-11," 7,234 ", 294 , -   , 288 ,,,,
27-Jul-11," 3,250 ", 384 , 15 ," 5,460 ",,,,
28-Jul-11," 1,297 ", 36 , -   , 438 ,,,,
29-Jul-11, 611 , -   , -   , 216 ,,,,
1-Aug-11," 2,215 ", 422 , -   , 294 ,,,,
2-Aug-11," 3,910 ", 438 , -   ," 2,292 ",,,,
3-Aug-11," 5,062 ", 516 , 21 ," 1,878 ",,,,
4-Aug-11, 790 , 1 , -   , 558 ,,,,
5-Aug-11, 200 , -   , -   , 66 ,,,,
8-Aug-11," 2,082 ", 288 , -   , 360 ,,,,
9-Aug-11," 5,476 ", 12 , -   , 294 ,,,,
10-Aug-11," 6,014 ", 510 , 20 ," 5,814 ",,,,
11-Aug-11," 1,323 ", 451 , -   , 612 ,,,,
12-Aug-11, 200 , -   , -   , 162 ,,,,
15-Aug-11," 2,404 ", 310 , -   , 390 ,,,,
16-Aug-11," 6,114 ", 462 , -   , 252 ,,,,
17-Aug-11," 5,613 ", 462 , 21 ," 5,694 ",,,,
18-Aug-11," 1,061 ", -   , -   , 686 ,,,,
19-Aug-11, 150 , -   , -   , 78 ,,,,
22-Aug-11," 2,143 ", 318 , -   , 480 ,,,,
23-Aug-11," 7,288 ", 642 , -   ," 4,134 ",,,,
24-Aug-11," 3,858 ", 432 , 20 ," 3,606 ",,,,
25-Aug-11," 1,365 ", 18 , -   , 756 ,,,,
26-Aug-11, 250 , -   , -   , 114 ,,,,
29-Aug-11," 2,595 ", 366 , -   , 312 ,,,,
30-Aug-11," 5,368 ", 492 , -   , 576 ,,,,
31-Aug-11," 7,188 ", 510 , 20 ," 5,586 ",,,,
1-Sep-11," 2,231 ", -   , -   ," 1,158 ",,,,
2-Sep-11," 2,948 ", -   , -   , 354 ,,,,
6-Sep-11," 5,621 ", 925 , -   , 132 ,,,,
7-Sep-11," 5,686 ", 342 , 25 ," 6,240 ",,,,
8-Sep-11, 702 , 12 , -   , 390 ,,,,
9-Sep-11, 10 , -   , -   , 210 ,,,,
12-Sep-11," 1,960 ", 391 , 25 , 366 ,,,,
13-Sep-11," 6,410 ", 432 , -   ," 5,562 ",,,,
14-Sep-11," 3,208 ", 504 , -   ," 3,708 ",,,,
15-Sep-11," 1,302 ", 18 , -   , 810 ,,,,
16-Sep-11, 253 , -   , -   , 120 ,,,,
19-Sep-11," 2,748 ", 260 , -   , 522 ,,,,
20-Sep-11," 8,870 ", 434 , -   ," 4,860 ",,,,
21-Sep-11," 3,819 ", 474 , 25 ," 4,638 ",,,,
22-Sep-11," 1,484 ", -   , -   , 522 ,,,,
23-Sep-11, 208 , -   , -   , 204 ,,,,
26-Sep-11," 2,558 ", 498 , -   , 858 ,,,,
27-Sep-11," 7,802 ", 498 , -   ," 3,780 ",,,,
28-Sep-11," 4,202 ", 522 , 25 ," 5,436 ",,,,
29-Sep-11," 1,313 ", -   , -   , 864 ,,,,
30-Sep-11, 250 , -   , -   , 138 ,,,,
3-Oct-11," 3,678 ", 445 , -   , 732 ,,,,
4-Oct-11," 9,481 ", 522 , -   ," 3,240 ",,,,
5-Oct-11," 4,158 ", 531 , 23 ," 4,644 ",,,,
6-Oct-11, 754 , -   , -   , 468 ,,,,
7-Oct-11, 187 , -   , -   , 168 ,,,,
10-Oct-11," 2,474 ", 344 , -   , 720 ,,,,
11-Oct-11," 4,174 ", 559 , -   , 486 ,,,,
12-Oct-11," 4,955 ", 540 , 25 ," 7,290 ",,,,
13-Oct-11," 1,143 ", 304 , -   , 846 ,,,,
14-Oct-11, 211 , -   , -   , 192 ,,,,
17-Oct-11," 3,022 ", 348 , -   , 600 ,,,,
18-Oct-11," 5,700 "," 1,002 ", -   ," 9,684 ",,,,
19-Oct-11," 1,264 ", 24 , 1 , 264 ,,,,
20-Oct-11," 1,191 ", 3 , 22 ," 1,830 ",,,,
21-Oct-11, 250 , -   , -   , 186 ,,,,
24-Oct-11," 2,374 ", 343 , -   , 570 ,,,,
25-Oct-11," 4,650 ", 488 , -   , 438 ,,,,
26-Oct-11," 4,078 ", 234 , 2 ," 7,116 ",,,,
27-Oct-11, 985 , 24 , 24 , 690 ,,,,
28-Oct-11, 660 , -   , -   , 510 ,,,,
31-Oct-11, 670 , 498 , -   , -   ,,,,
1-Nov-11," 3,154 ", 468 , -   , 534 ,,,,
2-Nov-11," 5,708 ", 540 , -   ," 7,464 ",,,,
3-Nov-11," 1,237 ", -   , 25 , 336 ,,,,
4-Nov-11, 275 , -   , -   , 156 ,,,,
7-Nov-11," 2,912 ", 504 , -   , 450 ,,,,
8-Nov-11," 6,850 ", 504 , -   , 252 ,,,,
9-Nov-11," 3,708 ", 432 , -   ," 7,560 ",,,,
10-Nov-11," 1,078 ", 18 , 31 , 816 ,,,,
11-Nov-11, 200 , -   , -   , 168 ,,,,
14-Nov-11," 2,718 ", 306 , -   , 750 ,,,,
15-Nov-11," 5,117 ", 420 , -   ," 3,600 ",,,,
16-Nov-11," 4,716 ", 759 , 1 ," 7,338 ",,,,
17-Nov-11," 1,452 ", 72 , 29 , 876 ,,,,
18-Nov-11," 2,138 ", -   , -   , 372 ,,,,
21-Nov-11, 600 , 42 , -   , 276 ,,,,
22-Nov-11," 7,989 "," 1,322 ", -   ," 6,264 ",,,,
23-Nov-11, 150 , -   , -   , 156 ,,,,
28-Nov-11," 1,979 ", 327 , -   , 498 ,,,,
29-Nov-11," 4,912 ", 486 , 29 ," 3,834 ",,,,
30-Nov-11," 2,404 ", 372 , -   , 60 ,,,,
1-Dec-11," 1,160 ", 6 , -   , 636 ,,,,
2-Dec-11, 641 , -   , -   , 756 ,,,,
5-Dec-11," 1,898 ", 362 , -   , 444 ,,,,
6-Dec-11," 5,008 ", 504 , -   , -   ,,,,
7-Dec-11," 4,714 ", 582 , -   ," 3,798 ",,,,
8-Dec-11," 1,064 ", 50 , 38 ," 6,800 ",,,,
9-Dec-11, 121 , -   , -   , 120 ,,,,
12-Dec-11," 2,655 ", 684 , -   ," 3,870 ",,,,
13-Dec-11," 8,036 ", 510 , -   , 444 ,,,,
14-Dec-11," 5,234 ", 570 , 5 ," 3,780 ",,,,
15-Dec-11, 882 , -   , 30 , 702 ,,,,
16-Dec-11," 3,188 ", -   , -   , 744 ,,,,
19-Dec-11," 1,010 ", 360 , 36 , 600 ,,,,
20-Dec-11," 5,582 ", 588 , -   , 522 ,,,,
21-Dec-11," 7,427 ", 648 , -   ," 6,606 ",,,,
22-Dec-11," 2,580 ", 88 , -   ," 4,188 ",,,,
23-Dec-11," 1,420 ", -   , -   ," 1,074 ",,,,
27-Dec-11," 5,287 ", 362 , 5 , 324 ,,,,
28-Dec-11," 3,129 ", 24 , -   ," 6,090 ",,,,
29-Dec-11, -   , 2 , 6 , 102 ,,,,
30-Dec-11, 52 , -   , -   , 90 ,,,,
3-Jan-12," 1,147 "," 1,164 ", 62 , 558 ,,,,
4-Jan-12," 5,100 ", 510 , -   ," 10,092 ",,,,
5-Jan-12, 776 , 36 , -   , 642 ,,,,
6-Jan-12, 156 , -   , -   , 258 ,,,,
9-Jan-12," 5,823 ", 354 , -   , 402 ,,,,
10-Jan-12," 2,010 ", 42 , -   , 132 ,,,,
11-Jan-12," 3,920 "," 1,098 ", -   ," 6,306 ",,,,
12-Jan-12," 1,303 ", 24 , -   , 876 ,,,,
13-Jan-12, 357 , -   , -   , 174 ,,,,
16-Jan-12," 1,992 ", 222 , -   , 420 ,,,,
17-Jan-12," 3,351 ", 390 , -   , 138 ,,,,
18-Jan-12," 4,976 ", 396 , 2 ," 13,200 ",,,,
19-Jan-12, -   , -   , 23 , 72 ,,,,
20-Jan-12, 850 , -   , -   , 528 ,,,,
23-Jan-12," 1,944 ", 456 , -   , 516 ,,,,
24-Jan-12," 6,034 ", 432 , -   ," 3,690 ",,,,
25-Jan-12," 2,227 ", 396 , -   ," 10,836 ",,,,
26-Jan-12," 2,254 ", 12 , 26 ," 1,164 ",,,,
27-Jan-12, 64 , -   , -   , 156 ,,,,
30-Jan-12," 2,057 ", 393 , -   , 456 ,,,,
31-Jan-12," 4,465 ", 504 , -   ," 3,456 ",,,,
1-Feb-12," 3,714 ", 546 , 3 ," 5,082 ",,,,
2-Feb-12, 789 , 24 , 26 , 744 ,,,,
3-Feb-12, 226 , -   , -   , 168 ,,,,
6-Feb-12," 2,488 ", 240 , -   , 624 ,,,,
7-Feb-12," 5,010 ", 450 , -   ," 3,906 ",,,,
8-Feb-12," 3,292 ", 444 , 1 ," 6,366 ",,,,
9-Feb-12, 992 , 42 , 28 ," 1,014 ",,,,
10-Feb-12, 255 , -   , -   , 96 ,,,,
13-Feb-12," 4,580 ", 716 , -   , 648 ,,,,
14-Feb-12," 3,958 ", 866 , -   ," 4,212 ",,,,
15-Feb-12," 3,469 ", 13 , -   ," 3,750 ",,,,
16-Feb-12," 2,595 ", -   , 36 ," 1,344 ",,,,
17-Feb-12, 130 , -   , -   , 264 ,,,,
20-Feb-12, -   , 6 , -   , -   ,,,,
21-Feb-12," 6,898 ", 770 , -   ," 3,390 ",,,,
22-Feb-12," 2,958 ", 522 , 2 ," 7,236 ",,,,
23-Feb-12," 1,144 ", 6 , 27 , 846 ,,,,
24-Feb-12, 50 , -   , -   , 18 ,,,,
27-Feb-12," 2,220 ", 408 , 29 , 666 ,,,,
28-Feb-12," 4,692 ", 264 , -   ," 3,396 ",,,,
29-Feb-12," 3,782 ", 390 , -   ," 3,762 ",,,,
1-Mar-12," 1,360 ", 216 , -   , 726 ,,,,
2-Mar-12, 250 , -   , -   , 102 ,,,,
5-Mar-12," 2,340 ", 372 , -   , 330 ,,,,
6-Mar-12," 5,103 ", 480 , -   ," 3,666 ",,,,
7-Mar-12," 3,582 ", 534 , 39 ," 4,578 ",,,,
8-Mar-12," 1,531 ", 24 , -   ," 1,392 ",,,,
9-Mar-12, 255 , -   , -   , 66 ,,,,
12-Mar-12," 2,824 ", 270 , -   , 792 ,,,,
13-Mar-12," 6,267 ", 550 , -   ," 3,438 ",,,,
14-Mar-12," 3,252 ", 546 , 2 ," 2,730 ",,,,
15-Mar-12," 1,361 ", 24 , 32 , 738 ,,,,
16-Mar-12, 200 , -   , -   , 204 ,,,,
19-Mar-12," 2,906 ", 278 , -   , 516 ,,,,
20-Mar-12," 5,886 ", 456 , -   ," 4,062 ",,,,
21-Mar-12," 3,892 ", 408 , 3 ," 2,754 ",,,,
22-Mar-12, 707 , 18 , 38 , 660 ,,,,
23-Mar-12, 50 , -   , -   , 144 ,,,,
26-Mar-12," 1,100 ", 450 , -   , 432 ,,,,
27-Mar-12," 8,160 ", 465 , -   ," 3,648 ",,,,
28-Mar-12," 2,041 ", 480 , -   ," 1,956 ",,,,
29-Mar-12," 3,582 ", 31 , 44 , 768 ,,,,
30-Mar-12, 705 , -   , -   , 384 ,,,,
2-Apr-12," 1,938 ", 324 , -   , 570 ,,,,
3-Apr-12," 9,366 ", 470 , -   , 252 ,,,,
4-Apr-12," 5,004 ", 482 , 3 ," 7,212 ",,,,
5-Apr-12," 1,306 ", 234 , 35 , 768 ,,,,
6-Apr-12," 1,108 ", -   , -   , 12 ,,,,
9-Apr-12," 1,914 ", 348 , -   , 786 ,,,,
10-Apr-12," 5,248 ", 498 , -   ," 3,828 ",,,,
11-Apr-12," 2,517 ", 420 , 3 ," 4,704 ",,,,
12-Apr-12," 1,043 ", 30 , 35 , 864 ,,,,
13-Apr-12, 200 , -   , -   , 78 ,,,,
16-Apr-12," 2,140 ", 300 , -   , 906 ,,,,
17-Apr-12," 2,196 ", 264 , -   ," 3,828 ",,,,
18-Apr-12," 3,175 ", 384 , 38 ," 4,518 ",,,,
19-Apr-12," 1,100 ", 12 , -   , 720 ,,,,
20-Apr-12, 100 , -   , -   , 84 ,,,,
23-Apr-12," 1,434 ", 350 , 39 , 444 ,,,,
24-Apr-12," 4,741 ", 450 , -   ," 3,402 ",,,,
25-Apr-12," 3,398 ", 12 , -   ," 4,788 ",,,,
26-Apr-12, 289 , 445 , -   ," 1,470 ",,,,
27-Apr-12, -   , -   , -   , 30 ,,,,
30-Apr-12, 550 , -   , -   , 210 ,,,,
1-May-12," 4,820 ", 716 , 1 ," 3,642 ",,,,
2-May-12," 3,622 ", 577 , 37 ," 4,566 ",,,,
3-May-12," 1,029 ", 224 , -   , 948 ,,,,
4-May-12, 312 , -   , -   , 432 ,,,,
7-May-12," 2,192 ", 432 , -   , 636 ,,,,
8-May-12," 4,551 ", 486 , 7 , 312 ,,,,
9-May-12," 5,530 ", 510 , 39 ," 7,044 ",,,,
10-May-12," 1,485 ", 32 , -   , 570 ,,,,
11-May-12, 206 , -   , -   , 186 ,,,,
14-May-12," 1,878 ", 276 , -   , 600 ,,,,
15-May-12," 4,892 ", 432 , 3 ," 3,474 ",,,,
16-May-12," 4,950 ", 900 , 35 ," 6,396 ",,,,
17-May-12," 1,349 ", 18 , -   ," 1,350 ",,,,
18-May-12, 229 , -   , -   , 492 ,,,,
21-May-12," 2,072 ", 405 , -   , 612 ,,,,
22-May-12," 7,720 ", 480 , 3 ," 3,714 ",,,,
23-May-12," 1,314 ", 594 , 36 ," 4,728 ",,,,
24-May-12," 1,364 ", 24 , -   , 210 ,,,,
25-May-12," 1,088 ", -   , -   ," 1,152 ",,,,
29-May-12," 4,497 ", -   , -   ," 4,536 ",,,,
30-May-12," 5,332 ", -   , 41 ," 2,190 ",,,,
31-May-12, -   , -   , -   , 840 ,,,,
1-Jun-12, 463 , -   , -   , 114 ,,,,
4-Jun-12," 1,397 ", 698 , -   , 624 ,,,,
5-Jun-12," 4,046 ", 840 , 3 ," 3,852 ",,,,
6-Jun-12," 3,170 ", 954 , 38 ," 3,714 ",,,,
7-Jun-12," 1,233 ", 46 , -   , 996 ,,,,
8-Jun-12, 158 , -   , -   , 192 ,,,,
11-Jun-12," 2,654 ", 252 , -   , 210 ,,,,
12-Jun-12," 5,506 ", 480 , -   ," 4,362 ",,,,
13-Jun-12," 2,990 ", 612 , 43 ," 4,542 ",,,,
14-Jun-12," 1,196 ", 6 , -   ," 1,032 ",,,,
15-Jun-12, 307 , -   , -   , 168 ,,,,
18-Jun-12," 1,588 ", 342 , -   , 438 ,,,,
19-Jun-12," 4,639 ", 540 , -   ," 4,026 ",,,,
20-Jun-12," 3,559 ", 588 , 42 ," 4,632 ",,,,
21-Jun-12," 1,015 ", 30 , -   ," 1,032 ",,,,
22-Jun-12, 207 , -   , -   , 120 ,,,,
25-Jun-12," 5,036 ", 338 , -   , 708 ,,,,
26-Jun-12," 7,454 ", 492 , -   , 702 ,,,,
27-Jun-12," 5,668 ", 388 , 42 ," 9,720 ",,,,
28-Jun-12," 1,219 ", 31 , -   , 678 ,,,,
29-Jun-12, 52 , -   , -   , 54 ,,,,
2-Jul-12," 6,959 ", 391 , 8 , 426 ,,,,
3-Jul-12," 4,963 ", 480 , 33 ," 4,560 ",,,,
5-Jul-12," 2,176 ", 480 , -   ," 6,894 ",,,,
6-Jul-12, 50 , -   , -   , 282 ,,,,
9-Jul-12," 1,432 ", 111 , -   , 618 ,,,,
10-Jul-12," 3,352 ", 546 , -   , 330 ,,,,
11-Jul-12," 4,383 ", 578 , 40 ," 6,384 ",,,,
12-Jul-12, 982 , -   , -   , 996 ,,,,
13-Jul-12, 256 , -   , -   , 162 ,,,,
16-Jul-12," 1,683 ", 368 , -   , 570 ,,,,
17-Jul-12, 50 ," 1,213 ", -   , 48 ,,,,
18-Jul-12," 4,453 ", 12 , 42 ," 4,872 ",,,,
19-Jul-12," 1,163 ", 24 , -   ," 3,942 ",,,,
20-Jul-12," 1,300 ", -   , -   ," 2,220 ",,,,
23-Jul-12," 1,937 ", 258 , -   , 588 ,,,,
24-Jul-12," 4,333 ", 482 , -   ," 3,654 ",,,,
25-Jul-12," 2,844 ", 396 , 55 ," 6,432 ",,,,
26-Jul-12," 2,085 ", 28 , -   ," 3,018 ",,,,
27-Jul-12, 50 , -   , -   , 42 ,,,,
30-Jul-12," 2,206 ", 463 , -   , 960 ,,,,
31-Jul-12," 3,282 ", -   , -   , 564 ,,,,
1-Aug-12," 3,892 ", 915 , 54 ," 2,532 ",,,,
2-Aug-12," 1,030 ", -   , -   ," 6,276 ",,,,
3-Aug-12, 102 , -   , -   , 144 ,,,,
6-Aug-12," 1,651 ", 228 , -   , 222 ,,,,
7-Aug-12," 2,610 ", 270 , -   , 426 ,,,,
8-Aug-12," 2,641 ", 666 , 70 ," 5,478 ",,,,
9-Aug-12," 1,002 ", 24 , -   , 798 ,,,,
10-Aug-12, 113 , -   , -   , 138 ,,,,
13-Aug-12," 2,038 ", 294 , -   , 342 ,,,,
14-Aug-12," 4,156 ", 440 , -   , 648 ,,,,
15-Aug-12," 3,483 ", 528 , 52 ," 3,666 ",,,,
16-Aug-12," 1,317 ", 12 , -   ," 1,206 ",,,,
17-Aug-12, 200 , -   , -   , 192 ,,,,
20-Aug-12," 2,657 ", 360 , -   , 750 ,,,,
21-Aug-12," 3,510 ", 164 , -   ," 2,556 ",,,,
22-Aug-12," 3,524 ", 493 , 52 ," 6,978 ",,,,
23-Aug-12, 992 , 12 , -   ," 1,542 ",,,,
24-Aug-12, 464 , -   , -   ," 1,722 ",,,,
27-Aug-12," 2,898 ", 435 , -   ," 1,338 ",,,,
28-Aug-12," 4,814 ", 138 , -   , 516 ,,,,
29-Aug-12," 2,961 ", 492 , 52 ," 3,720 ",,,,
30-Aug-12," 2,180 ", 42 , -   ," 1,470 ",,,,
31-Aug-12, 137 , -   , -   , 78 ,,,,
4-Sep-12," 5,148 ", 702 , -   ," 2,856 ",,,,
5-Sep-12," 3,374 ", 800 , 53 ," 3,708 ",,,,
6-Sep-12, 889 , 4 , -   , 378 ,,,,
7-Sep-12, 60 , -   , -   , 162 ,,,,
10-Sep-12," 2,266 ", 144 , -   , 810 ,,,,
11-Sep-12," 3,073 ", 492 , -   ," 3,600 ",,,,
12-Sep-12," 4,458 ", 464 , 53 ," 6,528 ",,,,
13-Sep-12," 1,220 ", 12 , -   , 732 ,,,,
14-Sep-12, 250 , -   , -   , 126 ,,,,
17-Sep-12," 1,640 ", 516 , -   , 648 ,,,,
18-Sep-12," 5,618 ", 456 , 8 , 246 ,,,,
19-Sep-12," 3,942 ", 516 , 51 ," 3,888 ",,,,
20-Sep-12," 1,311 ", 6 , -   , 660 ,,,,
21-Sep-12, 150 , -   , -   , 126 ,,,,
24-Sep-12," 5,476 ", 360 , -   , 354 ,,,,
25-Sep-12," 5,724 ", 456 , 8 , 552 ,,,,
26-Sep-12," 3,058 ", 504 , 56 ," 2,724 ",,,,
27-Sep-12," 2,304 ", 24 , -   , 576 ,,,,
28-Sep-12, 210 , -   , -   , 102 ,,,,
1-Oct-12," 3,194 ", 541 , -   , 474 ,,,,
2-Oct-12," 7,383 ", 462 , -   , 234 ,,,,
3-Oct-12," 2,484 ", 374 , 62 ," 2,856 ",,,,
4-Oct-12," 1,162 ", 48 , -   , 828 ,,,,
5-Oct-12, 326 , -   , -   , 84 ,,,,
8-Oct-12," 1,290 ", 337 , -   , 264 ,,,,
9-Oct-12," 3,434 ", 553 , -   ," 2,316 ",,,,
10-Oct-12," 3,329 ", 358 , 62 ," 2,790 ",,,,
11-Oct-12," 1,000 ", 37 , -   , 708 ,,,,
12-Oct-12, 251 , -   , -   , 252 ,,,,
15-Oct-12," 1,809 ", 979 , -   , 474 ,,,,
16-Oct-12," 2,265 ", 469 , 10 , 426 ,,,,
17-Oct-12," 4,410 ", 36 , 52 ," 4,848 ",,,,
18-Oct-12, 884 , 6 , -   , 558 ,,,,
19-Oct-12, 200 , -   , -   , 600 ,,,,
22-Oct-12," 1,848 ", 458 , -   ," 1,542 ",,,,
23-Oct-12," 5,001 ", 534 , -   ," 2,526 ",,,,
24-Oct-12," 2,819 ", 476 , 62 ," 1,152 ",,,,
25-Oct-12," 1,720 ", 6 , -   , 858 ,,,,
26-Oct-12, 50 , -   , -   , 78 ,,,,
31-Oct-12," 8,541 "," 1,418 ", -   ," 8,556 ",,,,
1-Nov-12," 1,368 ", 18 , 72 , 612 ,,,,
2-Nov-12, 100 , -   , -   , 138 ,,,,
5-Nov-12," 1,644 ", 301 , -   , 408 ,,,,
6-Nov-12," 4,118 ", 438 , -   ," 3,084 ",,,,
7-Nov-12," 2,826 ", 30 , 63 ," 4,494 ",,,,
8-Nov-12," 1,100 ", 432 , -   , 594 ,,,,
9-Nov-12, 207 , -   , -   , 84 ,,,,
12-Nov-12," 2,567 ", 660 , -   , 234 ,,,,
13-Nov-12," 5,634 ", 504 , -   ," 3,234 ",,,,
14-Nov-12," 2,823 ", 510 , 65 ," 2,946 ",,,,
15-Nov-12, 905 , 51 , -   , 720 ,,,,
16-Nov-12, 211 , -   , -   , 114 ,,,,
19-Nov-12," 5,032 ", 458 , -   , 768 ,,,,
20-Nov-12," 8,079 "," 1,110 ", 65 ," 8,664 ",,,,
21-Nov-12, 154 , -   , -   , 156 ,,,,
26-Nov-12," 2,216 ", 260 , -   , 90 ,,,,
27-Nov-12," 2,736 ", 468 , -   , 324 ,,,,
28-Nov-12," 3,783 ", 306 , 66 ," 2,322 ",,,,
29-Nov-12, 784 , 6 , -   , 564 ,,,,
30-Nov-12, 254 , -   , -   , 162 ,,,,
3-Dec-12," 2,817 ", 312 , -   , 222 ,,,,
4-Dec-12," 4,230 ", 492 , -   ," 2,550 ",,,,
5-Dec-12," 2,944 ", 301 , 5 ," 2,946 ",,,,
6-Dec-12," 1,288 ", -   , -   , 654 ,,,,
7-Dec-12, 250 , -   , 70 , 132 ,,,,
10-Dec-12," 3,844 ", 699 , -   , 414 ,,,,
11-Dec-12," 4,707 ", 576 , -   ," 2,616 ",,,,
12-Dec-12," 5,890 ", 528 , 101 ," 3,924 ",,,,
13-Dec-12," 1,010 ", 6 , -   , 294 ,,,,
14-Dec-12, 210 , -   , -   , 42 ,,,,
17-Dec-12," 4,022 ", 427 , -   , 468 ,,,,
18-Dec-12," 7,156 ", 530 , -   ," 2,850 ",,,,
19-Dec-12," 3,569 ", 924 , 121 ," 6,870 ",,,,
20-Dec-12," 3,182 ", -   , -   , 552 ,,,,
21-Dec-12," 2,202 ", -   , -   , 726 ,,,,
24-Dec-12, 1 , -   , -   , 12 ,,,,
26-Dec-12," 1,506 ", 24 , -   ," 2,304 ",,,,
27-Dec-12," 2,272 ", 12 , -   , 510 ,,,,
28-Dec-12, 14 , -   , -   , 84 ,,,,
31-Dec-12," 2,500 ", -   , -   , 12 ,,,,
2-Jan-13," 10,320 "," 2,058 ", 15 ," 4,320 ",,,,
3-Jan-13, 629 , 60 , 52 , 318 ,,,,
4-Jan-13, 204 , -   , -   , 96 ,,,,
7-Jan-13, 740 , 539 , -   , 180 ,,,,
8-Jan-13," 3,202 ", 624 , -   ," 2,076 ",,,,
9-Jan-13," 2,818 ", 246 , 67 ," 2,754 ",,,,
10-Jan-13," 1,068 ", 30 , -   , 702 ,,,,
11-Jan-13, 252 , -   , -   , 72 ,,,,
14-Jan-13," 1,025 ", 450 , -   , 312 ,,,,
15-Jan-13," 2,201 ", 37 , -   ," 2,130 ",,,,
16-Jan-13," 2,041 ", 396 , 67 ," 3,720 ",,,,
17-Jan-13," 1,097 ", 6 , -   , 588 ,,,,
18-Jan-13, 150 , -   , -   , 168 ,,,,
21-Jan-13, 669 , 468 , -   , 120 ,,,,
22-Jan-13," 4,914 ", 404 , -   ," 2,076 ",,,,
23-Jan-13," 1,606 ", 576 , 66 ," 1,902 ",,,,
24-Jan-13, 840 , 42 , -   , 324 ,,,,
25-Jan-13, 100 , -   , -   , 60 ,,,,
28-Jan-13, 981 , 566 , -   , 378 ,,,,
29-Jan-13," 2,153 ", 756 , 5 ," 1,836 ",,,,
30-Jan-13," 1,470 ", 204 , 75 ," 1,848 ",,,,
31-Jan-13, 759 , -   , -   , 54 ,,,,
1-Feb-13, 156 , -   , -   , 732 ,,,,
4-Feb-13, 647 , 516 , -   , 264 ,,,,
5-Feb-13," 1,130 ", 72 , 5 , 66 ,,,,
6-Feb-13," 1,530 ", -   , 62 ," 1,878 ",,,,
7-Feb-13," 1,299 ", 283 , -   , 342 ,,,,
8-Feb-13, 180 , -   , -   , 120 ,,,,
11-Feb-13, 615 , 352 , -   , 354 ,,,,
12-Feb-13," 4,112 ", 360 , 8 ," 2,100 ",,,,
13-Feb-13," 2,409 ", 324 , 59 ," 2,790 ",,,,
14-Feb-13," 1,013 ", 75 , -   , 474 ,,,,
15-Feb-13, 200 , -   , -   , 114 ,,,,
18-Feb-13, 871 , 414 , -   , 114 ,,,,
19-Feb-13," 2,648 ", 342 , -   , 78 ,,,,
20-Feb-13," 5,978 ", 12 , 67 ," 1,878 ",,,,
21-Feb-13," 1,079 ", 16 , -   , 414 ,,,,
22-Feb-13, 157 , -   , -   , 108 ,,,,
25-Feb-13," 1,321 ", 450 , -   , 366 ,,,,
26-Feb-13," 2,500 ", 42 , -   ," 1,434 ",,,,
27-Feb-13," 2,640 ", 150 , 81 ," 2,802 ",,,,
28-Feb-13," 1,632 ", 9 , -   , 654 ,,,,
1-Mar-13, 100 , -   , -   , 48 ,,,,
4-Mar-13," 1,492 ", 582 , -   , 264 ,,,,
5-Mar-13, 191 , 289 , -   ," 2,100 ",,,,
6-Mar-13," 2,874 ", 73 , 68 ," 2,004 ",,,,
7-Mar-13, 938 , 10 , -   , 186 ,,,,
8-Mar-13, 244 , -   , -   , 48 ,,,,
11-Mar-13, 263 , 308 , -   , 336 ,,,,
12-Mar-13," 1,720 ", 432 , -   ," 2,004 ",,,,
13-Mar-13," 1,405 ", 117 , 70 ," 3,018 ",,,,
14-Mar-13, 933 , 6 , -   , 378 ,,,,
15-Mar-13, 256 , -   , -   , 72 ,,,,
18-Mar-13, -   , 4 , -   , 12 ,,,,
19-Mar-13," 1,021 "," 1,158 ", -   ," 2,184 ",,,,
20-Mar-13," 1,424 ", 168 , 68 ," 2,148 ",,,,
21-Mar-13, 416 , 1 , -   , 336 ,,,,
22-Mar-13, 160 , -   , -   , 48 ,,,,
25-Mar-13, 648 , 354 , -   , 168 ,,,,
26-Mar-13, 500 , 265 , -   ," 1,848 ",,,,
27-Mar-13, 136 , 162 , 89 ," 1,914 ",,,,
28-Mar-13, 647 , 1 , -   , 672 ,,,,
29-Mar-13, 1 , -   , -   , 96 ,,,,